Dataset,median,min,max,mean,std
D7PM05_CLYGR_Somermeyer_2022_all,0.49,0.01,0.69,0.42,0.22287216066615403
D7PM05_CLYGR_Somermeyer_2022_1std,0.3,0.01,0.47,0.26346153846153847,0.14204062257515793
D7PM05_CLYGR_Somermeyer_2022_2std,0.14500000000000002,0.0,0.32,0.14961538461538462,0.10077621819579335
F7YBW8_MESOW_Aakre_2015_all,0.39,0.01,0.46,0.3123076923076923,0.16187174410150013
F7YBW8_MESOW_Aakre_2015_1std,0.475,0.13,0.67,0.4338461538461539,0.148433875461821
F7YBW8_MESOW_Aakre_2015_2std,0.48,0.17,0.61,0.43192307692307697,0.12518847329588234
GFP_AEQVI_Sarkisyan_2016_all,0.62,0.04,0.71,0.5246153846153846,0.23001270867899054
GFP_AEQVI_Sarkisyan_2016_1std,0.28,0.0,0.55,0.2538461538461539,0.17814773471648576
GFP_AEQVI_Sarkisyan_2016_2std,0.2,0.01,0.62,0.26384615384615384,0.2089799401488463
