Dataset,median,min,max,mean,std
D7PM05_CLYGR_Somermeyer_2022_all,0.49,0.01,0.69,0.42,0.22287216066615403
D7PM05_CLYGR_Somermeyer_2022_1std,0.33,0.0,0.54,0.2826923076923077,0.1777089236320493
D7PM05_CLYGR_Somermeyer_2022_2std,0.26,0.0,0.43,0.22692307692307695,0.15475837245898472
F7YBW8_MESOW_Aakre_2015_all,0.39,0.01,0.46,0.3123076923076923,0.16187174410150013
F7YBW8_MESOW_Aakre_2015_1std,0.135,0.02,0.38,0.155,0.095467271878901
F7YBW8_MESOW_Aakre_2015_2std,0.125,0.02,0.44,0.1326923076923077,0.10528276942815257
GFP_AEQVI_Sarkisyan_2016_all,0.62,0.04,0.71,0.5246153846153846,0.23001270867899054
GFP_AEQVI_Sarkisyan_2016_1std,0.44999999999999996,0.02,0.64,0.40115384615384614,0.21772141691761832
GFP_AEQVI_Sarkisyan_2016_2std,0.15,0.04,0.26,0.15192307692307694,0.05769015380594722
